seed,truth,estimate,error,ci_low,ci_high,covered,design,leakage_pct
3000,0.0926193874136591,0.1321993768356033,0.0395799894219441,0.1244621081091432,0.1383070686315702,False,V1 compset control,0
3000,0.0926193874136591,0.0945694260358386,0.0019500386221795,0.0585052929579164,0.1286372744900461,True,V3 EG-overall LY,0
3000,0.0926193874136591,0.0813313415507035,-0.0112880458629555,0.0725958159743532,0.0886654133517813,False,V4 clean control,0
3000,0.0926193874136591,0.1321993768356033,0.0395799894219441,0.1244621081091432,0.1383070686315702,False,V1 compset control,10
3000,0.0926193874136591,0.0945694260358386,0.0019500386221795,0.0585052929579164,0.1286372744900461,True,V3 EG-overall LY,10
3000,0.0926193874136591,0.0845152681565442,-0.0081041192571148,0.0757540212575706,0.0918709347689801,False,V4 clean control,10
3000,0.0926193874136591,0.1321993768356033,0.0395799894219441,0.1244621081091432,0.1383070686315702,False,V1 compset control,25
3000,0.0926193874136591,0.0945694260358386,0.0019500386221795,0.0585052929579164,0.1286372744900461,True,V3 EG-overall LY,25
3000,0.0926193874136591,0.0893192908699635,-0.0033000965436955,0.0805192347164441,0.096707540508675,True,V4 clean control,25
3000,0.0926193874136591,0.1321993768356033,0.0395799894219441,0.1244621081091432,0.1383070686315702,False,V1 compset control,50
3000,0.0926193874136591,0.0945694260358386,0.0019500386221795,0.0585052929579164,0.1286372744900461,True,V3 EG-overall LY,50
3000,0.0926193874136591,0.097401842776863,0.0047824553632038,0.0885364918000161,0.1048449118901826,True,V4 clean control,50
3000,0.0926193874136591,0.1321993768356033,0.0395799894219441,0.1244621081091432,0.1383070686315702,False,V1 compset control,100
3000,0.0926193874136591,0.0945694260358386,0.0019500386221795,0.0585052929579164,0.1286372744900461,True,V3 EG-overall LY,100
3000,0.0926193874136591,0.1138570744237394,0.0212376870100803,0.1048587900051318,0.1214117502627352,False,V4 clean control,100
3001,0.093489978048465,0.1272314910924855,0.0337415130440205,0.115574649617065,0.1451296309825238,False,V1 compset control,0
3001,0.093489978048465,0.2455838426143031,0.152093864565838,0.1712206057498901,0.3716766911618077,False,V3 EG-overall LY,0
3001,0.093489978048465,0.0786864309679525,-0.0148035470805124,0.0683316684539811,0.0995263279622656,True,V4 clean control,0
3001,0.093489978048465,0.1272314910924855,0.0337415130440205,0.115574649617065,0.1451296309825238,False,V1 compset control,10
3001,0.093489978048465,0.2455838426143031,0.152093864565838,0.1712206057498901,0.3716766911618077,False,V3 EG-overall LY,10
3001,0.093489978048465,0.0818978320250454,-0.0115921460234196,0.0715122419282577,0.1027997723206514,True,V4 clean control,10
3001,0.093489978048465,0.1272314910924855,0.0337415130440205,0.115574649617065,0.1451296309825238,False,V1 compset control,25
3001,0.093489978048465,0.2455838426143031,0.152093864565838,0.1712206057498901,0.3716766911618077,False,V3 EG-overall LY,25
3001,0.093489978048465,0.0867435069032837,-0.0067464711451813,0.0763114011452777,0.1077390641782375,True,V4 clean control,25
3001,0.093489978048465,0.1272314910924855,0.0337415130440205,0.115574649617065,0.1451296309825238,False,V1 compset control,50
3001,0.093489978048465,0.2455838426143031,0.152093864565838,0.1712206057498901,0.3716766911618077,False,V3 EG-overall LY,50
3001,0.093489978048465,0.0948966707716208,0.0014066927231557,0.0843862993812949,0.1160497447171431,True,V4 clean control,50
3001,0.093489978048465,0.1272314910924855,0.0337415130440205,0.115574649617065,0.1451296309825238,False,V1 compset control,100
3001,0.093489978048465,0.2455838426143031,0.152093864565838,0.1712206057498901,0.3716766911618077,False,V3 EG-overall LY,100
3001,0.093489978048465,0.1114977132125471,0.018007735164082,0.1008279814677894,0.1329715142985386,False,V4 clean control,100
3002,0.0927917157596796,0.11055249067891215,0.017760774919232558,0.09944375758781246,0.12263870852381095,False,V1 compset control,0
3002,0.0927917157596796,0.027067877218841217,-0.06572383854083838,-0.04149527302002452,0.15526862108528666,True,V3 EG-overall LY,0
3002,0.0927917157596796,0.08033747926635584,-0.01245423649332375,0.06645717800489084,0.08905612212625884,False,V4 clean control,0
3002,0.0927917157596796,0.11055249067891215,0.017760774919232558,0.09944375758781246,0.12263870852381095,False,V1 compset control,10
3002,0.0927917157596796,0.027067877218841217,-0.06572383854083838,-0.04149527302002452,0.15526862108528666,True,V3 EG-overall LY,10
3002,0.0927917157596796,0.08375796723052617,-0.009033748529153424,0.06983371914289324,0.09250421443956876,False,V4 clean control,10
3002,0.0927917157596796,0.11055249067891215,0.017760774919232558,0.09944375758781246,0.12263870852381095,False,V1 compset control,25
3002,0.0927917157596796,0.027067877218841217,-0.06572383854083838,-0.04149527302002452,0.15526862108528666,True,V3 EG-overall LY,25
3002,0.0927917157596796,0.08892035038663933,-0.003871365373040267,0.07492977540133876,0.09770825955401234,True,V4 clean control,25
3002,0.0927917157596796,0.11055249067891215,0.017760774919232558,0.09944375758781246,0.12263870852381095,False,V1 compset control,50
3002,0.0927917157596796,0.027067877218841217,-0.06572383854083838,-0.04149527302002452,0.15526862108528666,True,V3 EG-overall LY,50
3002,0.0927917157596796,0.09760968639075143,0.004817970631071838,0.08350746980843714,0.10646772106868352,True,V4 clean control,50
3002,0.0927917157596796,0.11055249067891215,0.017760774919232558,0.09944375758781246,0.12263870852381095,False,V1 compset control,100
3002,0.0927917157596796,0.027067877218841217,-0.06572383854083838,-0.04149527302002452,0.15526862108528666,True,V3 EG-overall LY,100
3002,0.0927917157596796,0.11531510332964183,0.022523387569962236,0.10098540549652539,0.12431602595688468,False,V4 clean control,100
3003,0.09327848961196317,0.11875007311204852,0.025471583500085354,0.11060134334679916,0.12660952030258474,False,V1 compset control,0
3003,0.09327848961196317,0.058869584741216514,-0.03440890487074665,-0.10059902600732731,0.12785432653640516,True,V3 EG-overall LY,0
3003,0.09327848961196317,0.08850139632771567,-0.004777093284247497,0.06975194008899327,0.10681359576666857,True,V4 clean control,0
3003,0.09327848961196317,0.11875007311204852,0.025471583500085354,0.11060134334679916,0.12660952030258474,False,V1 compset control,10
3003,0.09327848961196317,0.058869584741216514,-0.03440890487074665,-0.10059902600732731,0.12785432653640516,True,V3 EG-overall LY,10
3003,0.09327848961196317,0.09174386408340987,-0.0015346255285532961,0.07293855627895118,0.11011061257155742,True,V4 clean control,10
3003,0.09327848961196317,0.11875007311204852,0.025471583500085354,0.11060134334679916,0.12660952030258474,False,V1 compset control,25
3003,0.09327848961196317,0.058869584741216514,-0.03440890487074665,-0.10059902600732731,0.12785432653640516,True,V3 EG-overall LY,25
3003,0.09327848961196317,0.09663642578208251,0.003357936170119341,0.0777468435138757,0.11508548336592421,True,V4 clean control,25
3003,0.09327848961196317,0.11875007311204852,0.025471583500085354,0.11060134334679916,0.12660952030258474,False,V1 compset control,50
3003,0.09327848961196317,0.058869584741216514,-0.03440890487074665,-0.10059902600732731,0.12785432653640516,True,V3 EG-overall LY,50
3003,0.09327848961196317,0.10486850776026724,0.011590018148304071,0.0858371277310985,0.12345605623396089,True,V4 clean control,50
3003,0.09327848961196317,0.11875007311204852,0.025471583500085354,0.11060134334679916,0.12660952030258474,False,V1 compset control,100
3003,0.09327848961196317,0.058869584741216514,-0.03440890487074665,-0.10059902600732731,0.12785432653640516,True,V3 EG-overall LY,100
3003,0.09327848961196317,0.12163034660809446,0.028351856996131297,0.1023102436016118,0.14049988473929348,False,V4 clean control,100
3004,0.092437467295714,0.11239744609724762,0.01995997880153362,0.10249159472531137,0.1245506814292093,False,V1 compset control,0
3004,0.092437467295714,0.07566584641569349,-0.016771620880020516,-0.00742307679554203,0.1619076553700463,True,V3 EG-overall LY,0
3004,0.092437467295714,0.0801719370374404,-0.012265530258273608,0.072016035075738,0.08772094393072051,False,V4 clean control,0
3004,0.092437467295714,0.11239744609724762,0.01995997880153362,0.10249159472531137,0.1245506814292093,False,V1 compset control,10
3004,0.092437467295714,0.07566584641569349,-0.016771620880020516,-0.00742307679554203,0.1619076553700463,True,V3 EG-overall LY,10
3004,0.092437467295714,0.0835045307940123,-0.00893293650170171,0.07532346588646338,0.09107682821390048,False,V4 clean control,10
3004,0.092437467295714,0.11239744609724762,0.01995997880153362,0.10249159472531137,0.1245506814292093,False,V1 compset control,25
3004,0.092437467295714,0.07566584641569349,-0.016771620880020516,-0.00742307679554203,0.1619076553700463,True,V3 EG-overall LY,25
3004,0.092437467295714,0.08853375158718448,-0.0039037157085295288,0.08031471325121493,0.09614119676562263,True,V4 clean control,25
3004,0.092437467295714,0.11239744609724762,0.01995997880153362,0.10249159472531137,0.1245506814292093,False,V1 compset control,50
3004,0.092437467295714,0.07566584641569349,-0.016771620880020516,-0.00742307679554203,0.1619076553700463,True,V3 EG-overall LY,50
3004,0.092437467295714,0.09699757659866441,0.0045601093029504075,0.08871463165241579,0.10466417298365085,True,V4 clean control,50
3004,0.092437467295714,0.11239744609724762,0.01995997880153362,0.10249159472531137,0.1245506814292093,False,V1 compset control,100
3004,0.092437467295714,0.07566584641569349,-0.016771620880020516,-0.00742307679554203,0.1619076553700463,True,V3 EG-overall LY,100
3004,0.092437467295714,0.11423821757325299,0.021800750277538986,0.10582509614979363,0.12202530377388722,False,V4 clean control,100
3005,0.09224215754573017,0.10686272206764293,0.014620564521912752,0.09106690901322338,0.12104678273069727,True,V1 compset control,0
3005,0.09224215754573017,0.17089740103419293,0.07865524348846276,0.07661630183965323,0.27115234031963825,True,V3 EG-overall LY,0
3005,0.09224215754573017,0.09749045679942468,0.005248299253694508,0.0863860047293085,0.1069373612500444,True,V4 clean control,0
3005,0.09224215754573017,0.10686272206764293,0.014620564521912752,0.09106690901322338,0.12104678273069727,True,V1 compset control,10
3005,0.09224215754573017,0.17089740103419293,0.07865524348846276,0.07661630183965323,0.27115234031963825,True,V3 EG-overall LY,10
3005,0.09224215754573017,0.10072422117812978,0.008482063632399603,0.08958704975147899,0.11019896100801148,True,V4 clean control,10
3005,0.09224215754573017,0.10686272206764293,0.014620564521912752,0.09106690901322338,0.12104678273069727,True,V1 compset control,25
3005,0.09224215754573017,0.17089740103419293,0.07865524348846276,0.07661630183965323,0.27115234031963825,True,V3 EG-overall LY,25
3005,0.09224215754573017,0.10560345344292266,0.013361295897192482,0.09441691375025421,0.11512019239973278,False,V4 clean control,25
3005,0.09224215754573017,0.10686272206764293,0.014620564521912752,0.09106690901322338,0.12104678273069727,True,V1 compset control,50
3005,0.09224215754573017,0.17089740103419293,0.07865524348846276,0.07661630183965323,0.27115234031963825,True,V3 EG-overall LY,50
3005,0.09224215754573017,0.11381257587952591,0.021570418333795735,0.10254297595970878,0.1233999767676555,False,V4 clean control,50
3005,0.09224215754573017,0.10686272206764293,0.014620564521912752,0.09106690901322338,0.12104678273069727,True,V1 compset control,100
3005,0.09224215754573017,0.17089740103419293,0.07865524348846276,0.07661630183965323,0.27115234031963825,True,V3 EG-overall LY,100
3005,0.09224215754573017,0.13052562195182524,0.038283464406095064,0.11908691876745983,0.1402568842725038,False,V4 clean control,100
