seed,truth,estimate,error,ci_low,ci_high,covered,declared_significant,backtest_mape,specification,arm
5000,0.0925651238868656,0.1240725858456815,0.0315074619588158,0.1109552749505013,0.1374855863567663,False,True,0.0116906737316377,A: competitor-set control,effect
5000,0.0925651238868656,-0.0321993010171544,-0.1247644249040201,-0.1368903658902987,0.052561347798176,False,False,0.0616260284178905,B: own prior-year,effect
5000,0.0925651238868656,-0.0202303453170325,-0.1127954692038981,-0.1333141901118476,0.0659823600024948,False,False,0.0629558147720109,C: market-wide prior-year,effect
5000,0.0925651238868656,0.0529374117756552,-0.0396277121112104,0.0394262202282917,0.0643870918497314,False,True,0.0145697393770738,D: clean-pool control,effect
5000,0.0925651238868656,0.0045825651016894,-0.0879825587851762,-0.0225682320512493,0.0173515550354163,False,False,0.0142901104229053,D: no prior-campaign control,effect
5001,0.0939008569232435,0.1362693062456934,0.0423684493224498,0.1279738321248139,0.148330064582495,False,True,0.0114240679959945,A: competitor-set control,effect
5001,0.0939008569232435,0.1034223498363769,0.0095214929131334,0.0310612710250715,0.224939129803578,True,True,0.0487303866981896,B: own prior-year,effect
5001,0.0939008569232435,0.1004764576018417,0.0065756006785981,0.0280925467174955,0.2213932449319363,True,True,0.0487393846320587,C: market-wide prior-year,effect
5001,0.0939008569232435,0.0929101273486691,-0.0009907295745743,0.0853627825008042,0.1041511271600061,True,True,0.0154072892695085,D: clean-pool control,effect
5001,0.0939008569232435,0.0642052628519051,-0.0296955940713384,0.0283772916061182,0.1073535917596528,True,True,0.0250379698228998,D: no prior-campaign control,effect
5002,0.0927287478701095,0.1195076443264311,0.0267788964563216,0.1087483319607746,0.1312411288866621,False,True,0.0127432075753391,A: competitor-set control,effect
5002,0.0927287478701095,0.1198592819311678,0.0271305340610582,0.0594158534818984,0.1980496656773118,True,True,0.0464771009744599,B: own prior-year,effect
5002,0.0927287478701095,0.1119975156075824,0.0192687677374729,0.0507686410715099,0.1888165142830806,True,True,0.0463879099097738,C: market-wide prior-year,effect
5002,0.0927287478701095,0.0962740863833082,0.0035453385131987,0.0910635643643723,0.101470430832257,True,True,0.0105753048168017,D: clean-pool control,effect
5002,0.0927287478701095,0.0781182602485553,-0.0146104876215541,0.055858122905362,0.1114841751022912,True,True,0.0177063764391456,D: no prior-campaign control,effect
5003,0.0934777767352934,0.1137661232091118,0.0202883464738183,0.1037677327028886,0.1206942079037224,False,True,0.0108122203324086,A: competitor-set control,effect
5003,0.0934777767352934,0.0772320361804559,-0.0162457405548374,0.0266413148445381,0.1686072132445058,True,True,0.0457489664800078,B: own prior-year,effect
5003,0.0934777767352934,0.0791532375779007,-0.0143245391573926,0.0285871384314745,0.170974036289121,True,True,0.0458132483694719,C: market-wide prior-year,effect
5003,0.0934777767352934,0.0708797589489643,-0.022598017786329,0.0565750242714285,0.0805600158424301,False,True,0.0129926593144427,D: clean-pool control,effect
5003,0.0934777767352934,0.0462779872205617,-0.0471997895147316,0.0259745056709661,0.0676090570021296,False,True,0.0146743437625465,D: no prior-campaign control,effect
5004,0.0947101133575214,0.1424372374582226,0.0477271241007012,0.1346045603355351,0.150131407171418,False,True,0.0130480648015249,A: competitor-set control,effect
5004,0.0947101133575214,0.1772703724480759,0.0825602590905544,0.1095566608316367,0.2473859698139988,False,True,0.0482749988471723,B: own prior-year,effect
5004,0.0947101133575214,0.1626970344518087,0.0679869210942872,0.0953749557175624,0.231810522706128,False,True,0.0477034358934722,C: market-wide prior-year,effect
5004,0.0947101133575214,0.1144161848370328,0.0197060714795113,0.102693088386338,0.1295828444975815,False,True,0.0178377374359432,D: clean-pool control,effect
5004,0.0947101133575214,0.0715076247725911,-0.0232024885849302,0.0527083772647293,0.0925694358690199,False,True,0.0204910915048455,D: no prior-campaign control,effect
5005,0.0929955818913201,0.1185612355917796,0.0255656537004594,0.1124128654375381,0.1285324510221413,False,True,0.0101284363997059,A: competitor-set control,effect
5005,0.0929955818913201,0.02602048869446,-0.0669750931968601,-0.0412563844504601,0.1262339542382491,True,False,0.0636250573114493,B: own prior-year,effect
5005,0.0929955818913201,0.0278824435682364,-0.0651131383230837,-0.0345898919449835,0.0903025393731442,False,False,0.0635182092389566,C: market-wide prior-year,effect
5005,0.0929955818913201,0.0626594631087084,-0.0303361187826117,0.0496369190007521,0.0767119936991683,False,True,0.0143426795222065,D: clean-pool control,effect
5005,0.0929955818913201,0.0440548211872117,-0.0489407607041084,0.0220174768117743,0.0706495957848408,False,True,0.0194927871073419,D: no prior-campaign control,effect
5006,0.0919922644180539,0.1137701002839,0.021777835865846,0.1056275976046665,0.1206974064185163,False,True,0.0112920261197992,A: competitor-set control,effect
5006,0.0919922644180539,0.1304565454215983,0.0384642810035444,-0.0001430187857638,0.3445596402602001,True,False,0.1033727740110796,B: own prior-year,effect
5006,0.0919922644180539,0.1335373657737855,0.0415451013557315,0.0037459337981398,0.3489007483924541,True,True,0.102903701690588,C: market-wide prior-year,effect
5006,0.0919922644180539,0.0840406359297336,-0.0079516284883203,0.073351010782585,0.096471257176604,True,True,0.0120386935485056,D: clean-pool control,effect
5006,0.0919922644180539,0.0335876176798669,-0.058404646738187,0.013720921337734,0.0590249671566639,False,True,0.015696152709198,D: no prior-campaign control,effect
5007,0.0938475177031876,0.1038228277796877,0.0099753100765001,0.090500052334361,0.1131866115560795,True,True,0.0089949142382867,A: competitor-set control,effect
5007,0.0938475177031876,0.0459282166573731,-0.0479193010458145,-0.1521952772780234,0.2308051554097662,True,False,0.1069451642533635,B: own prior-year,effect
5007,0.0938475177031876,0.0516045368434961,-0.0422429808596914,-0.1460940825180663,0.2352161837544413,True,False,0.1051016509366635,C: market-wide prior-year,effect
5007,0.0938475177031876,0.0793253950255293,-0.0145221226776583,0.0573183974063363,0.1077699607622219,True,True,0.0198215150699062,D: clean-pool control,effect
5007,0.0938475177031876,0.0624677674256404,-0.0313797502775472,-0.0070931238812919,0.1027857149338068,True,False,0.0338735134547614,D: no prior-campaign control,effect
5008,0.0936559129359546,0.1291959742023523,0.0355400612663976,0.1217340751038202,0.1382154900127941,False,True,0.0138752798598167,A: competitor-set control,effect
5008,0.0936559129359546,0.1246181319783176,0.0309622190423629,0.0640233614230044,0.1666183044242234,True,True,0.0349604935686872,B: own prior-year,effect
5008,0.0936559129359546,0.1196868946685678,0.0260309817326131,0.0597966472035,0.1620202385064786,True,True,0.0345576723818571,C: market-wide prior-year,effect
5008,0.0936559129359546,0.0789004681240186,-0.014755444811936,0.0663452226570538,0.0875841422584775,False,True,0.0144646071131916,D: clean-pool control,effect
5008,0.0936559129359546,0.0368229631124265,-0.056832949823528,0.0181178822171269,0.0516429320067089,False,True,0.0168675122965371,D: no prior-campaign control,effect
5009,0.0934107868537215,0.1130770039455437,0.0196662170918222,0.0995330630199775,0.125803518107402,False,True,0.0129535727681818,A: competitor-set control,effect
5009,0.0934107868537215,0.1092666426974971,0.0158558558437756,-0.0061873941916986,0.2547218532612544,True,False,0.0827499346368316,B: own prior-year,effect
5009,0.0934107868537215,0.1128826187505503,0.0194718318968288,0.0019284666201386,0.2512617260442983,True,True,0.080341214800191,C: market-wide prior-year,effect
5009,0.0934107868537215,0.0814426391193994,-0.011968147734322,0.0664328533948137,0.0955542044134024,True,True,0.0126449318714412,D: clean-pool control,effect
5009,0.0934107868537215,0.0507923096664171,-0.0426184771873043,0.0262568022549602,0.0734301720484472,False,True,0.0183772658054102,D: no prior-campaign control,effect
5010,0.0929857094278885,0.1226657802221361,0.0296800707942476,0.1138560999210516,0.1307418040478875,False,True,0.0084198691472913,A: competitor-set control,effect
5010,0.0929857094278885,0.0292839277296076,-0.0637017816982808,-0.045318194123437,0.0885894416794435,False,False,0.0600940583865301,B: own prior-year,effect
5010,0.0929857094278885,0.0262340075981547,-0.0667517018297337,-0.045854636053478,0.0849918125397626,False,False,0.0597605257964425,C: market-wide prior-year,effect
5010,0.0929857094278885,0.0495842674892929,-0.0434014419385955,0.0399328366461203,0.0583225390484533,False,True,0.0111493056283653,D: clean-pool control,effect
5010,0.0929857094278885,0.0084287488990565,-0.0845569605288319,-0.0074803124322379,0.0294033561252844,False,False,0.0153455322485163,D: no prior-campaign control,effect
5011,0.0928501741868714,0.1057118147287364,0.0128616405418649,0.0973729448147941,0.1197784238106046,False,True,0.0112201726720904,A: competitor-set control,effect
5011,0.0928501741868714,0.1121984350682031,0.0193482608813317,0.0738170298067689,0.186172776203893,True,True,0.051233762421896,B: own prior-year,effect
5011,0.0928501741868714,0.1153323237167227,0.0224821495298513,0.0768041576459552,0.1891653861260105,True,True,0.0511533347265077,C: market-wide prior-year,effect
5011,0.0928501741868714,0.0781486643274479,-0.0147015098594235,0.0627415696236873,0.0924719529325492,False,True,0.0166834771897202,D: clean-pool control,effect
5011,0.0928501741868714,0.057748588551045,-0.0351015856358264,0.0181905822763638,0.0918441000947463,False,True,0.022627233969562,D: no prior-campaign control,effect
5012,0.0920377317849232,0.121744787291359,0.0297070555064358,0.1177903257524448,0.1263768478195523,False,True,0.0090900553817545,A: competitor-set control,effect
5012,0.0920377317849232,0.1688556941023655,0.0768179623174422,0.1017059789610965,0.3207431485143243,False,True,0.050947258735038,B: own prior-year,effect
5012,0.0920377317849232,0.1525733397750017,0.0605356079900784,0.0874886112010993,0.3019419606432339,True,True,0.0517709076027541,C: market-wide prior-year,effect
5012,0.0920377317849232,0.1037248118295347,0.0116870800446114,0.0941661172968596,0.1283752693207376,False,True,0.0152810625422295,D: clean-pool control,effect
5012,0.0920377317849232,0.0846882962134107,-0.0073494355715124,0.0517796336425001,0.1314291166967303,True,True,0.0227235114339526,D: no prior-campaign control,effect
5013,0.0928726004710482,0.1332887558474007,0.0404161553763524,0.1247650995491773,0.1424041024302869,False,True,0.0104301551168001,A: competitor-set control,effect
5013,0.0928726004710482,0.279004255684631,0.1861316552135827,0.2161555069010712,0.3293203337636559,False,True,0.0448365629668772,B: own prior-year,effect
5013,0.0928726004710482,0.2780772484342233,0.185204647963175,0.2147255538309921,0.3288482061550427,False,True,0.0447460751041251,C: market-wide prior-year,effect
5013,0.0928726004710482,0.122385556235905,0.0295129557648567,0.1103762263071221,0.1382828151992801,False,True,0.0126858689672157,D: clean-pool control,effect
5013,0.0928726004710482,0.0594821296749291,-0.0333904707961191,0.0306950103566818,0.0930393539660567,True,True,0.0212844831131809,D: no prior-campaign control,effect
5014,0.0928430734602645,0.1160677459348431,0.0232246724745785,0.1002232768892197,0.1262937126925016,False,True,0.0117922074850462,A: competitor-set control,effect
5014,0.0928430734602645,0.0657422794578734,-0.027100794002391,-0.019726450530033,0.1754318491848948,True,False,0.0645838106513899,B: own prior-year,effect
5014,0.0928430734602645,0.0679418036178953,-0.0249012698423691,-0.0179146166720095,0.1780604088624626,True,False,0.0647883030744197,C: market-wide prior-year,effect
5014,0.0928430734602645,0.0808999455885922,-0.0119431278716722,0.0713436672577646,0.0893315875080957,False,True,0.0089767612370136,D: clean-pool control,effect
5014,0.0928430734602645,0.0606226912401025,-0.032220382220162,0.0273073514709971,0.0833287318834251,False,True,0.0198969506719035,D: no prior-campaign control,effect
5015,0.0930822127353789,0.1282939647587387,0.0352117520233598,0.118666078166802,0.1428757965406197,False,True,0.0112500993453533,A: competitor-set control,effect
5015,0.0930822127353789,0.115781089316634,0.022698876581255,0.020955535026071,0.1737630140525602,True,True,0.0472517945049437,B: own prior-year,effect
5015,0.0930822127353789,0.108610787119988,0.015528574384609,0.0141222248412313,0.1654262913693253,True,True,0.0474060677347632,C: market-wide prior-year,effect
5015,0.0930822127353789,0.0871536780532086,-0.0059285346821702,0.0777109558126925,0.1009661792609141,True,True,0.0134963952140174,D: clean-pool control,effect
5015,0.0930822127353789,0.0417311831180882,-0.0513510296172907,0.0269350877341421,0.0649361692036932,False,True,0.0160803691092935,D: no prior-campaign control,effect
5016,0.0931354450394836,0.1177318796486994,0.0245964346092158,0.1072290187027859,0.1282927559263376,False,True,0.0093725962062085,A: competitor-set control,effect
5016,0.0931354450394836,0.0390317653956261,-0.0541036796438575,-0.0269717707100934,0.1311401423193749,True,False,0.0599839580448633,B: own prior-year,effect
5016,0.0931354450394836,0.0308057289912382,-0.0623297160482454,-0.0344308965534209,0.1216899478573771,True,False,0.0600117609109855,C: market-wide prior-year,effect
5016,0.0931354450394836,0.0989394248195227,0.005803979780039,0.0893709106069212,0.1109504113663548,True,True,0.0125374604065679,D: clean-pool control,effect
5016,0.0931354450394836,0.062934088517713,-0.0302013565217706,0.027020640561449,0.0996192782036262,True,True,0.0210425965367796,D: no prior-campaign control,effect
5017,0.0924680298029325,0.1244615546867338,0.0319935248838013,0.1167459282593875,0.1300142827137531,False,True,0.0081552375020353,A: competitor-set control,effect
5017,0.0924680298029325,0.1189907148182477,0.0265226850153151,0.0336847623625136,0.2136767313108467,True,True,0.0662169694659238,B: own prior-year,effect
5017,0.0924680298029325,0.1155607522488829,0.0230927224459503,0.0314494543431331,0.2090496897334487,True,True,0.0654281592867523,C: market-wide prior-year,effect
5017,0.0924680298029325,0.0757581643870934,-0.0167098654158391,0.0687506224276894,0.0848882453648103,False,True,0.010568608619053,D: clean-pool control,effect
5017,0.0924680298029325,0.030312796762019,-0.0621552330409135,0.0176127300671197,0.0497991219075898,False,True,0.0145005471265747,D: no prior-campaign control,effect
9000,0.0,0.0034937004054520515,0.0034937004054520515,-0.0007948967931954403,0.009527010924314898,True,False,0.009186725942267824,D: clean-pool control,zero_effect
9001,0.0,-0.012472124037667898,-0.012472124037667898,-0.02268979837179496,6.267257760021736e-05,True,False,0.013365083631901873,D: clean-pool control,zero_effect
9002,0.0,-0.013329511114066828,-0.013329511114066828,-0.018418419405098797,-0.007911149267797702,False,True,0.01214406313208037,D: clean-pool control,zero_effect
9003,0.0,-0.005681559172773544,-0.005681559172773544,-0.015874157191196198,0.00687164032479003,True,False,0.015104308638871019,D: clean-pool control,zero_effect
9004,0.0,0.0013857661333567034,0.0013857661333567034,-0.01063929159560125,0.0144951697474363,True,False,0.015896321542572495,D: clean-pool control,zero_effect
9005,0.0,-0.005081319970160125,-0.005081319970160125,-0.014425439895788261,0.010898579681193267,True,False,0.0146325437128645,D: clean-pool control,zero_effect
9006,0.0,-0.009146629206936535,-0.009146629206936535,-0.016078355547767383,-0.00012496674798265336,False,True,0.010441969987043274,D: clean-pool control,zero_effect
9007,0.0,0.008609780033622519,0.008609780033622519,-0.0029559344885113008,0.01913600324114455,True,False,0.015176045334600673,D: clean-pool control,zero_effect
9008,0.0,-0.011045343974255339,-0.011045343974255339,-0.018534182470282566,-0.004161752858027323,False,True,0.014525451635898506,D: clean-pool control,zero_effect
9009,0.0,0.01731006737268462,0.01731006737268462,0.008576025869265758,0.024695905819119134,False,True,0.013420226819638,D: clean-pool control,zero_effect
9010,0.0,-0.016904498525557664,-0.016904498525557664,-0.02487072586581338,-0.008616090885396669,False,True,0.013268583201319843,D: clean-pool control,zero_effect
9011,0.0,-0.008379872909223141,-0.008379872909223141,-0.019454761218227482,0.006065344444507815,True,False,0.016674691650103397,D: clean-pool control,zero_effect
